{"cameraMode":{"drawMode":0,"name":"Shaded","section":"Shading Mode"},"sceneLighting":false,"audioPlay":false,"sceneViewState":{"m_AlwaysRefresh":false,"showFog":true,"showSkybox":false,"showFlares":true,"showImageEffects":true,"showParticleSystems":true,"showVisualEffectGraphs":true,"m_FxEnabled":true},"in2DMode":false,"pivot":{"x":0.4865703582763672,"y":-1.5433883666992188,"z":9.5367431640625e-7},"rotation":{"x":0.2467326819896698,"y":0.007580548990517855,"z":-0.0018805977888405324,"w":0.9690719842910767},"size":38.54030227661133,"orthographic":false}