{"cameraMode":{"drawMode":0,"name":"Shaded","section":"Shading Mode"},"sceneLighting":false,"audioPlay":false,"sceneViewState":{"m_AlwaysRefresh":false,"showFog":true,"showSkybox":false,"showFlares":true,"showImageEffects":true,"showParticleSystems":true,"showVisualEffectGraphs":true,"m_FxEnabled":true},"in2DMode":false,"pivot":{"x":-1.8837110996246338,"y":9.666091918945313,"z":10.542229652404786},"rotation":{"x":-0.20125041902065278,"y":-0.04054289311170578,"z":0.008336899802088738,"w":-0.9786691069602966},"size":17.92181396484375,"orthographic":false}