{"cameraMode":{"drawMode":0,"name":"Shaded","section":"Shading Mode"},"sceneLighting":false,"audioPlay":false,"sceneViewState":{"m_AlwaysRefresh":false,"showFog":true,"showSkybox":false,"showFlares":true,"showImageEffects":true,"showParticleSystems":true,"showVisualEffectGraphs":true,"m_FxEnabled":true},"in2DMode":false,"pivot":{"x":-0.14359426498413087,"y":-1.0003900527954102,"z":0.8634753227233887},"rotation":{"x":0.2355009764432907,"y":-0.14052321016788484,"z":0.03443411365151405,"w":0.9610503911972046},"size":5.0045857429504398,"orthographic":false}