{"cameraMode":{"drawMode":0,"name":"Shaded","section":"Shading Mode"},"sceneLighting":false,"audioPlay":false,"sceneViewState":{"m_AlwaysRefresh":false,"showFog":true,"showSkybox":false,"showFlares":true,"showImageEffects":true,"showParticleSystems":true,"showVisualEffectGraphs":true,"m_FxEnabled":true},"in2DMode":false,"pivot":{"x":1.0951004028320313,"y":0.8075351715087891,"z":-0.0000095367431640625},"rotation":{"x":0.2467326819896698,"y":0.007580548990517855,"z":-0.0018805977888405324,"w":0.9690719842910767},"size":37.363521575927737,"orthographic":false}