{"cameraMode":{"drawMode":0,"name":"Shaded","section":"Shading Mode"},"sceneLighting":false,"audioPlay":false,"sceneViewState":{"m_AlwaysRefresh":false,"showFog":true,"showSkybox":false,"showFlares":true,"showImageEffects":true,"showParticleSystems":true,"showVisualEffectGraphs":true,"m_FxEnabled":true},"in2DMode":false,"pivot":{"x":0.04131507873535156,"y":0.16231250762939454,"z":-4.76837158203125e-7},"rotation":{"x":0.2467326819896698,"y":0.007580548990517855,"z":-0.0018805977888405324,"w":0.9690719842910767},"size":37.9986686706543,"orthographic":false}