{"cameraMode":{"drawMode":0,"name":"Shaded","section":"Shading Mode"},"sceneLighting":true,"audioPlay":false,"sceneViewState":{"m_AlwaysRefresh":false,"showFog":true,"showSkybox":true,"showFlares":true,"showImageEffects":true,"showParticleSystems":true,"showVisualEffectGraphs":true,"m_FxEnabled":true},"in2DMode":false,"pivot":{"x":140.63323974609376,"y":-14.096046447753907,"z":57.27959060668945},"rotation":{"x":0.4726634621620178,"y":-0.002369131427258253,"z":0.0012735901400446892,"w":0.8812448978424072},"size":145.40940856933595,"orthographic":false}