{"cameraMode":{"drawMode":0,"name":"Shaded","section":"Shading Mode"},"sceneLighting":true,"audioPlay":false,"sceneViewState":{"m_AlwaysRefresh":false,"showFog":true,"showSkybox":true,"showFlares":true,"showImageEffects":true,"showParticleSystems":true,"showVisualEffectGraphs":true,"m_FxEnabled":true},"in2DMode":false,"pivot":{"x":677.7728271484375,"y":251.58412170410157,"z":-81.28266143798828},"rotation":{"x":0.0072087435983121399,"y":0.028804559260606767,"z":-0.0001403694914188236,"w":0.9995827078819275},"size":182.81405639648438,"orthographic":false}