{"cameraMode":{"drawMode":0,"name":"Shaded","section":"Shading Mode"},"sceneLighting":false,"audioPlay":false,"sceneViewState":{"m_AlwaysRefresh":false,"showFog":true,"showSkybox":false,"showFlares":true,"showImageEffects":true,"showParticleSystems":true,"showVisualEffectGraphs":true,"m_FxEnabled":true},"in2DMode":false,"pivot":{"x":1.597484827041626,"y":-13.166511535644532,"z":2.7789249420166017},"rotation":{"x":0.2467326819896698,"y":0.007580548990517855,"z":-0.0018805977888405324,"w":0.9690719842910767},"size":45.219886779785159,"orthographic":false}