{"cameraMode":{"drawMode":0,"name":"Shaded","section":"Shading Mode"},"sceneLighting":false,"audioPlay":false,"sceneViewState":{"m_AlwaysRefresh":false,"showFog":true,"showSkybox":false,"showFlares":true,"showImageEffects":true,"showParticleSystems":true,"showVisualEffectGraphs":true,"m_FxEnabled":true},"in2DMode":false,"pivot":{"x":-0.6249961853027344,"y":0.00000667572021484375,"z":0.0000019073486328125},"rotation":{"x":0.38390427827835085,"y":-0.5667647123336792,"z":0.336565762758255,"w":0.6466511487960815},"size":40.71367263793945,"orthographic":false}